filename,width,height,class,xmin,ymin,xmax,ymax
ck0qd8gs6ko7j0721x25cv4o3_jpeg.rf.005f5707706e4d68702bbf8e0ce96a63.jpg,640,480,smoke,125,190,177,286
ck0m0ch9ugnna07940o8x989j_jpeg.rf.0101cdb46a16b3fde020710836b4af0b.jpg,640,480,smoke,308,166,582,257
ck0rr6bfa9b3w0721aw5unwdy_jpeg.rf.00982c053d66c090d55b3d775a722aff.jpg,640,480,smoke,241,204,310,244
ck0uk75x5ysls0721e5a9j891_jpeg.rf.00d7fd8503e1e0e6a66294f3db79b346.jpg,640,480,smoke,523,208,619,288
ck0m0f8x4hwsq0838adn9hkti_jpeg.rf.02c20dbd46efee307ec38486fc3f5da2.jpg,640,480,smoke,224,200,302,238
ck0na7jmkg9gj0a46p7jofg58_jpeg.rf.023825dac5dc5fbd89bbd5d83f89a5a8.jpg,640,480,smoke,96,222,238,270
ck0rr05k797je0721hrz4bw9e_jpeg.rf.031b5346c52c69e28fc9345ca7b28010.jpg,640,480,smoke,500,184,636,269
ck0u07w91ulq009446ol1bta4_jpeg.rf.05a02ac3bf9a27f86cc6c315a72ff6c7.jpg,640,480,smoke,258,203,308,240
ck0kd86qe8gf507018qw8usfe_jpeg.rf.04a3091cdb2674d667aa79b142f77db6.jpg,640,480,smoke,217,196,250,237
ck0u0iymarljc079432rld6ur_jpeg.rf.049e444971d411f2bc15d14189f8ebc9.jpg,640,480,smoke,342,271,526,316
ck0qbolrmhccn0944s970z7xn_jpeg.rf.0852866b4cc61c2dc67072fddf5b017b.jpg,640,480,smoke,121,135,197,315
ck0u15ceurp8s079478ps17by_jpeg.rf.01cba46fbff586f903728080476df7d9.jpg,640,480,smoke,1,235,161,323
ck0uk5cl3877p0a468qm2bfay_jpeg.rf.05f4f2a5f4efa69243aac572e05e5216.jpg,640,480,smoke,228,199,306,239
ck0k99e6p79go0944lmxivkmv_jpeg.rf.035851b1218826a8d8e1f6cff055da7a.jpg,640,480,smoke,447,195,538,240
ck0keq7xa4xxd0863otmigtsy_jpeg.rf.0a9ebb276957d1f41e4e01067287be3f.jpg,640,480,smoke,267,254,525,318
ck0t4kdl1nlyb07011sj8qjd8_jpeg.rf.0a712e797adaffd2ba69b30c0005fe83.jpg,640,480,smoke,59,155,413,318
ck0qbaubof1z40863w0scvpra_jpeg.rf.0cf7f4324a6fecd547297a7e34fa21e9.jpg,640,480,smoke,2,44,166,323
ck0qd4sisfz1x0863riapvr9k_jpeg.rf.0d074512f215ea0855dc51c3be17779f.jpg,640,480,smoke,316,262,522,316
ck0tz4vu9wr2707210cs2d85i_jpeg.rf.0d07d523ff8a7385975c0546e3ed3013.jpg,640,480,smoke,191,188,417,318
ck0khttiojrab0a46z2tgb5rd_jpeg.rf.10ff9460ea9b030c8efa9bcb310b90d7.jpg,640,480,smoke,75,229,263,290
ck0tya1tfr9sz0794w5roonwp_jpeg.rf.0db0a4a0a57c433e550c669676380d58.jpg,640,480,smoke,111,161,191,312
ck0kdsrnk4tm80863omawzddc_jpeg.rf.139bfa85f859e3e320650de1fec49e69.jpg,640,480,smoke,309,145,562,265
ck0kcaec57i7s0944jkpjyecx_jpeg.rf.0dbf4b042f0b6abc7a9f1a42a82a20dd.jpg,640,480,smoke,215,199,301,239
ck0qbrxq0fc870863u9dy1xsl_jpeg.rf.109b574c27fa09fdc65125fc9214e872.jpg,640,480,smoke,314,128,534,253
ck0ukkz8tytsn0721y70sud46_jpeg.rf.18cbd5352f166266b09e38e04afa7394.jpg,640,480,smoke,1,75,169,326
ck0lx68q2szgt0a460zlk49kf_jpeg.rf.0f6a8471f17e56b15221fb885dd51f40.jpg,640,480,smoke,153,157,431,311
ck0l97837c0ta0944wnryuimb_jpeg.rf.11d4e888f0875aa8b07ea67d4b3b4210.jpg,640,480,smoke,474,195,524,244
ck0ug2zaqt3zf0794joucwcgf_jpeg.rf.19cb77fe0f8cf5b9648d2056f4a5fbba.jpg,640,480,smoke,492,164,636,256
ck0kcnh1p4uns0794bs53wqam_jpeg.rf.1a912c1d8dea7ad3ad9bc870fe7a62d1.jpg,640,480,smoke,342,264,522,318
ck0lwlv9fjpfg07217xwy7qne_jpeg.rf.1a89d41ad9addf3f1652773b1068412e.jpg,640,480,smoke,320,204,507,251
ck0nfz8fe60yr0838az9x331y_jpeg.rf.152d851a0f20d6f573a9f6f250204a9c.jpg,640,480,smoke,312,134,520,254
ck0ndcirh69sn0944tmwamh75_jpeg.rf.189c54c4fb6ee1d72226e876b613b29a.jpg,640,480,smoke,309,151,566,266
ck0ukjupkwhfa0944r6gu3mh8_jpeg.rf.1d0b41b95001867438a9867fda448ddb.jpg,640,480,smoke,496,245,574,294
ck0twzs19s8ld08632qx4gg12_jpeg.rf.17d7f2e556ae6c66c4f533fef4fe10ac.jpg,640,480,smoke,0,83,152,336
ck0t2fzvhlj200838b26ckwda_jpeg.rf.1c8882654e4d82f7f030d590568a3382.jpg,640,480,smoke,113,175,242,318
ck0t7iosiorq50701wgtb048m_jpeg.rf.1302b4c1947454fa5c96ee6b5377c641.jpg,640,480,smoke,288,240,430,315
ck0t6o7hrlbs407944kyd1i2r_jpeg.rf.1fcdad3f89301e29a312afd29b8be5fd.jpg,640,480,smoke,211,196,297,238
ck0rr132a3x9r0794yhwyho26_jpeg.rf.23012d1f295110126949db4f75f9a8ea.jpg,640,480,smoke,90,158,418,310
ck0t6nixgmcop0863zbzsc32e_jpeg.rf.250078e3e4e42da9963f5edec7f25e88.jpg,640,480,smoke,96,224,254,273
ck0ukkr2f8vml0848uyh1iw50_jpeg.rf.22c704f3f83a1947293534fb1cda1482.jpg,640,480,smoke,500,251,636,292
ck0kdobka8hev07019b3gbgq6_jpeg.rf.251260d5aab5ecf4bb65f65b3190ca1b.jpg,640,480,smoke,123,229,190,315
ck0ovlupvx57v0721dn80vmur_jpeg.rf.20701caaa1c3c263bfba0b52914bc810.jpg,640,480,smoke,229,204,420,315
ck0lx50eojwbq0721qtix2xqg_jpeg.rf.22fb33351d1489a8f6ae310f8044feb3.jpg,640,480,smoke,500,177,637,257
ck0t2kogeyqy50a46u6e56yb9_jpeg.rf.20a8132299113e73e6263029256d5049.jpg,640,480,smoke,139,155,418,314
ck0rp7ve43ul20863ldcq568m_jpeg.rf.2242e2aef5279e55b32ce34e7a154ea0.jpg,640,480,smoke,164,241,465,296
ck0knw1mc96cu09446iq0ugae_jpeg.rf.28c2e0ae1ad16136f73352045962d516.jpg,640,480,smoke,1,47,159,332
ck0tyfppk6qqc0848u6xtpzgx_jpeg.rf.288099a51913c76a030ce91555ac3929.jpg,640,480,smoke,312,104,520,258
ck0ndxi6w6j5f0944tbx465xr_jpeg.rf.28d056588212efc17d54250b7f77b577.jpg,640,480,smoke,237,257,525,318
ck0tyexsuugj1070158ffdyyt_jpeg.rf.2e9d7c24d0366304aae6f03fdbbf349a.jpg,640,480,smoke,311,119,534,255
ck0lwg0retsfg0848hqi60tlt_jpeg.rf.3025c97e8deb2f2899cbe49461437ae6.jpg,640,480,smoke,190,204,214,223
ck0na9q14gaaa0a46ghbnn940_jpeg.rf.2498c8c55a2484af381b64824743cf97.jpg,640,480,smoke,503,210,614,285
ck0ug3zlfw61d09445i888ftl_jpeg.rf.24816998199d65c37ac73ca9a297dc81.jpg,640,480,smoke,100,156,412,305
ck0kkthj17c9g0838c3vjfndl_jpeg.rf.28218aa602fae59569067f2808f1f324.jpg,640,480,smoke,96,218,362,271
ck0ukig53tfv30794pt4u6ude_jpeg.rf.2ecc68215cab4d68d0a22b78b0327018.jpg,640,480,smoke,164,238,561,298
ck0qbp5dkg5920838gygl8n4f_jpeg.rf.2b8f08f85050f64aa005b2f40b5b3684.jpg,640,480,smoke,214,167,440,326
ck0t3zt3lnd7u0944gqvvuxtw_jpeg.rf.316a77febbcc8240fe5c521cdedbe5f0.jpg,640,480,smoke,4,80,157,342
ck0nfoxrpj0xh0a46qv68gp45_jpeg.rf.2aea62f0d0ba459a9eb532369e5e529e.jpg,640,480,smoke,1,72,165,325
ck0lwgsmatsrm0848br00vfki_jpeg.rf.324fd4d4db28e2d3e27e1ee048653fdb.jpg,640,480,smoke,173,233,239,291
ck0kdox8w69td0838i6leuzy9_jpeg.rf.333d536f32a8de44a092dd547d2f1632.jpg,640,480,smoke,123,214,190,313
ck0ukjmceuk3t0863k4o3i8g4_jpeg.rf.37d48b6e7770d656a7fdfbf311aa50c4.jpg,640,480,smoke,186,235,260,290
ck0kl0ifc5xd60863hxynsup8_jpeg.rf.33d4dc037a04cd39656b00a3e78bf3d8.jpg,640,480,smoke,0,58,162,332
ck0knvsi36h390794sjhcf0ri_jpeg.rf.38e187dbd800f3f50d6dd3290d370ab1.jpg,640,480,smoke,305,258,520,315
ck0l939lbnftj0a46atyx4hh4_jpeg.rf.33eeef4de47224ea2043febf7b6fc3dc.jpg,640,480,smoke,504,249,637,287
ck0l8e146nb1h0a46oop6lane_jpeg.rf.3bef8e59f2111cbea0cc48015e63e698.jpg,640,480,smoke,31,251,164,325
ck0rpjxds42tv0863ke8nrsmn_jpeg.rf.3d619fc088a888f7c7cc57c98a4f6498.jpg,640,480,smoke,162,164,404,313
ck0kfk23ukj1m0848e93um98b_jpeg.rf.457fd102e55b69a1ec55dd1d50b90b6b.jpg,640,480,smoke,307,146,559,254
ck0nefzg24hv30863efhq3fp1_jpeg.rf.41edcde58daab549a1e3d2ac14b30449.jpg,640,480,smoke,426,200,547,242
ck0kkjnqo5xx10794xzpyur0y_jpeg.rf.361ec46e7f260dfa9c55a465a3bb8150.jpg,640,480,smoke,310,130,540,256
ck0lx3s62sysz0a46pq7rsuuw_jpeg.rf.41cc7ec49c9f3200873818a54c62ecb4.jpg,640,480,smoke,461,194,540,244
ck0twhqawsr970838xj2topr5_jpeg.rf.3f1612dab0ef612792c9866e780b52c4.jpg,640,480,smoke,95,201,382,268
ck0rpimt3ifig0848hijlm44t_jpeg.rf.46ad991e0932f88c7b6acf6628566240.jpg,640,480,smoke,127,182,211,317
ck0nctujv31lz0794ow6lj285_jpeg.rf.3f2f78a73479abe1321bc4ca31dfc497.jpg,640,480,smoke,91,227,256,290
ck0m0gpkagpzy0794ulwtreu6_jpeg.rf.4bc502850e879dd40bd056961bec7f31.jpg,640,480,smoke,520,208,612,285
ck0lx9tk9g22n0838e6v5csum_jpeg.rf.4d09c9c7f3bd465a477a968d5e35616c.jpg,640,480,smoke,234,204,314,245
ck0ug2o6ku8b708632bp2y2zn_jpeg.rf.42ce49a52b1b8f3c1cec74019dede23a.jpg,640,480,smoke,113,185,228,319
ck0ncwmnt6hyp07016zypssxs_jpeg.rf.5038ca1f5cdf93056bf4a55a345a13ca.jpg,640,480,smoke,0,85,161,334
ck0uj9sgjyq2b0721813otzrx_jpeg.rf.46cdc9351db024ad70108beebd5bc4f9.jpg,640,480,smoke,298,45,548,258
ck0t235u3msgt0944a7jzn8hp_jpeg.rf.46fbbbd711da478f5db7e61287216aa5.jpg,640,480,smoke,0,70,157,332
ck0t2wfsipdoc07218586ezt0_jpeg.rf.4ec027210133d1a092f7cefe7f86c23a.jpg,640,480,smoke,305,43,502,261
ck0u0y7byrnvd0794vpqdexro_jpeg.rf.513b6ca1d70a6023bc57e0040b811bb3.jpg,640,480,smoke,311,69,511,265
ck0t4pic2zxuv0848rp6npxiw_jpeg.rf.51acc548074c7c4f16893509aaf50fa5.jpg,640,480,smoke,314,157,538,258
ck0rpje8d32fg07940gwkympb_jpeg.rf.4f70a0ac72f6655d356cc9f414fe8eeb.jpg,640,480,smoke,131,110,251,312
ck0lxhbtdewio0794g9qrp7o9_jpeg.rf.570551b254670717f037da0e98d28863.jpg,640,480,smoke,2,202,158,320
ck0t7s2o0ne4408387zvqn6pr_jpeg.rf.5524a3a3693d51037c48223b690362e2.jpg,640,480,smoke,312,164,564,268
ck0ujzue9uicd08638rcyl1ro_jpeg.rf.5a0992ce884d2cfd32964002e7599489.jpg,640,480,smoke,70,157,406,309
ck0l9zam2nl6c0a46g4g3m6c4_jpeg.rf.5e458c3dce687543aadd8a0f4ced2004.jpg,640,480,smoke,553,213,621,284
ck0t4s7ibnk170944ffcd9q57_jpeg.rf.54d950346af8537f20351059c79b91cf.jpg,640,480,smoke,223,201,303,243
ck0khubxx5khq0794ja58vgv5_jpeg.rf.5d2db56a537ce7f2d661b00d403d3cc0.jpg,640,480,smoke,1,56,162,322
ck0nem99k9e9v0721yu2dtiqq_jpeg.rf.5a06cc52462c4dcadb3a74d3f3874cf3.jpg,640,480,smoke,312,154,459,256
ck0lx7plvg1e50838ps3cuu9h_jpeg.rf.5df3f1a05e60204647ea601876ec7ac1.jpg,640,480,smoke,311,148,515,263
ck0u0znmjuuay0701hyc6trun_jpeg.rf.57c4424df242fccdb67494c4d2bc22b7.jpg,640,480,smoke,247,202,307,238
ck0kcouioj11m0a46yjyp0zlc_jpeg.rf.5d515391615546df6369aa216c2fac53.jpg,640,480,smoke,0,16,156,332
ck0t74gx40b5u0a46s72no2dg_jpeg.rf.57da3c38696a55082327c502be780c59.jpg,640,480,smoke,2,175,144,336
ck0m1mrauhbpe0863qyvhhrcx_jpeg.rf.5dadeb671f3492e18f6ebcdd65285a54.jpg,640,480,smoke,262,260,524,320
ck0u0ihp7sq1z086335c6h592_jpeg.rf.60d64a3d41a4fa422f94a17d8294b296.jpg,640,480,smoke,2,17,164,325
ck0t1r1esms8s0701jmlvghkw_jpeg.rf.5acffb2bbf6c7f579d73f8ff3c85209a.jpg,640,480,smoke,167,218,542,304
ck0kdh8yok8rw08486abmn3z3_jpeg.rf.685972e3f6aeb5a3ffdb843becb9e56e.jpg,640,480,smoke,503,250,638,292
ck0k9etuqjxhh0848k6i1mw2f_jpeg.rf.65e16bd6d3135e530e8e7677b83b6481.jpg,640,480,smoke,123,163,416,325
ck0ndxwjf3icx0794m3hlih4u_jpeg.rf.5f397085cad8af247c8a0674b9a67806.jpg,640,480,smoke,2,54,201,324
ck0qd5it1i1wl0944fqp8vf9c_jpeg.rf.5f7b7bf98795a5a88fe2240e3a838059.jpg,640,480,smoke,331,271,525,316
ck0lx8c34u38a08480v1hz7dz_jpeg.rf.62b4addf5b2865b979346e676db1f907.jpg,640,480,smoke,312,46,490,265
ck0rr40pt71p40701fl50vzfa_jpeg.rf.6b2b4ec7e343403a173a2d8c9ec0d2c5.jpg,640,480,smoke,317,154,587,255
ck0t7o8ovlpsl0794ci1p3k3a_jpeg.rf.7255338cf66d7fd15d9a75b7e87f0550.jpg,640,480,smoke,312,154,453,253
ck0t7yaokmuhl0863v1rlsm5p_jpeg.rf.62c77619d32f766079b9e3320f8510a3.jpg,640,480,smoke,92,208,321,262
ck0kdhizwj37t0a461n7bsvun_jpeg.rf.6d618207aa9bed9805920f9625f0c67b.jpg,640,480,smoke,2,81,185,333
ck0t3zlhdz6180a46kq06kflk_jpeg.rf.695d8a1806cebba8ed79a9465c077b48.jpg,640,480,smoke,265,257,524,314
ck0kkgwvk9hhg0701edmbvr7r_jpeg.rf.72b0cbcbdd84a2f967e4d56a8a994552.jpg,640,480,smoke,114,171,186,311
ck0t5n2jlkxuc07940mygjo8f_jpeg.rf.743e0e7964a1983568c0323735ea9d91.jpg,640,480,smoke,0,72,163,323
ck0tzh0mmsjb70863m9jdqypg_jpeg.rf.6b4347c866f9e0768115f0ce603f0b3b.jpg,640,480,smoke,309,84,517,258
ck0kdklhl8h7h07015yka75gg_jpeg.rf.75afbde9ce791d335ed4015d2a6f679b.jpg,640,480,smoke,430,198,547,244
ck0tszu61qmo10794stj6lmkj_jpeg.rf.74610774501419ad96bf232c9f58838e.jpg,640,480,smoke,0,79,169,336
ck0na2ozl2ejz08633ausfi26_jpeg.rf.726e4ba9c48a347e68cc56479f131bf3.jpg,640,480,smoke,399,197,463,246
ck0kfnjva6jp60838d6vqyxq2_jpeg.rf.7c607da0dfd4b5f5ca371c0906a45fe6.jpg,640,480,smoke,453,214,615,288
ck0u0zahz74ln0848lonhk1xg_jpeg.rf.7cb0fa04dc9b397b8ff07e625eb2aefa.jpg,640,480,smoke,97,235,163,267
ck0kmewv08ygm0944br9j606r_jpeg.rf.7f1cf8002fff325e67bc83dd880f5b70.jpg,640,480,smoke,91,237,273,285
ck0rpixgt5x8l0944oojfpa2o_jpeg.rf.6c2183ba04dd7ec031b4d6c922aaf16c.jpg,640,480,smoke,500,192,635,253
ck0txgnxxud4y0701d5z7lpx7_jpeg.rf.7c53c82d64933f2062ad37195fb14522.jpg,640,480,smoke,97,205,412,270
ck0ujvtjvyrjx0721f1bk9yvy_jpeg.rf.7ced4af432a3d02214f5c6ed5159ba7f.jpg,640,480,smoke,0,65,168,323
ck0tx7k0tr5rz0794r2twuz1o_jpeg.rf.67068839164b779c940323e5dc947e50.jpg,640,480,smoke,256,218,424,318
ck0ken8886dvt0838isatschp_jpeg.rf.56d26b51cd92328bb4a46f85383e8724.jpg,640,480,smoke,195,206,216,231
ck0klcevilg5n0848axl4ww0k_jpeg.rf.8336b312bb4f97701a551845eb1d6223.jpg,640,480,smoke,311,105,565,258
.jpg,640,480,smoke,473,224,617,294
ck0rr4nj43za20794o7o3btuw_jpeg.rf.8657366d6deb4dc4f58216778b1159d6.jpg,640,480,smoke,308,61,511,258
ck0u97a47vo2h0944rwxehqpl_jpeg.rf.89ceb69362b56d99b46492fbb5397c2d.jpg,640,480,smoke,1,12,165,336
ck0lyghgkfe8a0794h5pz92p7_jpeg.rf.8615b3d2078b8c0c37bfb2aab25e15d9.jpg,640,480,smoke,456,196,545,240
ck0tsz3b0624008481fmfbt28_jpeg.rf.84cf8a28b2a98547fccdad89cc3cb3f2.jpg,640,480,smoke,30,100,157,324
ck0t5xpty0hyp08488g6a7n6l_jpeg.rf.8884944ed861a984fd4fa4955e71cd48.jpg,640,480,smoke,49,151,451,319
ck0kcubsi4r530863gt6or3em_jpeg.rf.85b35b9cbcbe849c2b67784936eed59f.jpg,640,480,smoke,399,196,480,245
ck0kmpmy67n4j08386u8554cs_jpeg.rf.89faad475147ff77905709359f200fb2.jpg,640,480,smoke,199,178,421,313
.jpg,640,480,smoke,185,205,209,225
ck0u13g18uv1x070166k2ew3t_jpeg.rf.9105a3ace2fbeb2dfa3d74117355464c.jpg,640,480,smoke,196,160,251,239
ck0lzxfw9iyx50944qfn9yxxl_jpeg.rf.8e472728888dc25f5b0fd118abdfe15d.jpg,640,480,smoke,99,157,415,315
ck0qbakbhjoyy0721qw4fut6n_jpeg.rf.86688323b760bc89ab6a94169de5910e.jpg,640,480,smoke,499,249,637,290
ck0nd98ujhlfg0a46hhco18rf_jpeg.rf.8e239f5ba8045c6acbf54234796128fd.jpg,640,480,smoke,305,253,445,304
ck0kd21cfj2810a46eicmjtng_jpeg.rf.92bda2dbaf58e1e37a1fd333b2e0b7f4.jpg,640,480,smoke,90,221,276,266
ck0uk2i9z86xl0a46gizlif59_jpeg.rf.8729e25833976180a9f3b2a7511789e8.jpg,640,480,smoke,310,151,534,258
ck0nexpddii7b0a463cb74ti7_jpeg.rf.80335414ee9689f5ceb4a8a5feabd966.jpg,640,480,smoke,469,214,614,287
ck0ndfo8l6ov10701vn095htn_jpeg.rf.9b84723a9e3806a07f4ba65c1ac89861.jpg,640,480,smoke,99,209,211,268
ck0u10zeh74ym0848ow29lc1l_jpeg.rf.8de8ba24b1b198759056a236d93a7cbe.jpg,640,480,smoke,553,214,622,291
.jpg,640,480,smoke,499,211,614,284
ck0tyaitfuchg0944iz87630d_jpeg.rf.998c6176beeff89d6257ca171307b473.jpg,640,480,smoke,238,195,421,312
ck0tzpygswuae0721bhuvjofj_jpeg.rf.9be0b873779f91d86f8a0b713a67f134.jpg,640,480,smoke,170,244,439,286
ck0ndbtmr8oa50721hzgxpue8_jpeg.rf.98eed4485749aa292c11bfba07625367.jpg,640,480,smoke,309,158,442,251
ck0lwfg8yjmbz07219irceyfl_jpeg.rf.9b5a201db64bd64de373b3b6e5cd12a4.jpg,640,480,smoke,165,234,605,305
ck0t81ysfnhui0838yucfeszk_jpeg.rf.a0adf8c4222766877b5a807c7ac8b1cd.jpg,640,480,smoke,199,193,293,231
ck0kdra5c7mjh0944w97n0exh_jpeg.rf.9c74c6aa1eddac85e5e0b25cd6659bae.jpg,640,480,smoke,309,150,466,258
ck0twi6d05v8f0a469q54h3iq_jpeg.rf.9e19708c84c6b0e1e696621aba134117.jpg,640,480,smoke,191,196,303,235
ck0t3r8twkazh0794uxyta3xz_jpeg.rf.9ec29e65e34503b73401e911707d4fc1.jpg,640,480,smoke,386,271,521,321
ck0kmi067lmu70848mrnfi0rc_jpeg.rf.a31f55cd786e5155b79470fb2a7faea0.jpg,640,480,smoke,124,186,185,314
ck0kl079lk71f0a46m6yo4q9m_jpeg.rf.a327c1da1f0fa7a679d36644d715874d.jpg,640,480,smoke,299,263,518,318
ck0twbzbz6hga0848z3sx5lsi_jpeg.rf.9efd0db058b58c0e86f627c2ed3d328a.jpg,640,480,smoke,310,150,585,253
ck0tzw6en6xyw0848myghrsxc_jpeg.rf.a757a5641f161d4d3072d0f41e4afd3a.jpg,640,480,smoke,2,42,161,325
ck0kcn7u1j0vk0a46lr8si8zl_jpeg.rf.ab05dcea54504926189eaf13d19802ec.jpg,640,480,smoke,95,226,250,289
ck0l9dfokcv7o07013t4kgamc_jpeg.rf.a96fed0753b14130e42f31fd8d68438d.jpg,640,480,smoke,125,193,200,314
ck0twl6pqwg6c0721ja81m52m_jpeg.rf.a8b03e4b1a1200e7ebbbec17e9a4e818.jpg,640,480,smoke,447,211,618,282
ck0kepk22a57e07215s22fyiv_jpeg.rf.ac37062f6f5732e0544d31eee82cadda.jpg,640,480,smoke,288,256,517,317
ck0lxgqhheq2b08638gu6tna1_jpeg.rf.a478e7551b36a9021292245c2c812166.jpg,640,480,smoke,185,227,240,292
ck0lwh1i7ed810863a8ql1pat_jpeg.rf.a985f44b16d2c79e1092dd1788f1a996.jpg,640,480,smoke,442,283,520,317
ck0ndgh043xns0863o9d4l0kk_jpeg.rf.ad4917ae707a577f9fef768e65029914.jpg,640,480,smoke,209,197,298,234
ck0rpaam92wcd0794b9wy12ks_jpeg.rf.ac541642eb5d4b002e19dbb0049e8273.jpg,640,480,smoke,1,27,175,323
ck0oulkapr2bj0794zz57fbjp_jpeg.rf.ace3c245aa0f7dc06f29099284a1b1be.jpg,640,480,smoke,0,65,152,331
ck0k9dg0vjxcg0848rmqzl38w_jpeg.rf.aa2243c64fd18ad4e8c179d09c12cbfc.jpg,640,480,smoke,126,197,251,313
ck0ujo3wrv2130838pn66pvj4_jpeg.rf.ace164faea7387c83c08a68c7b37d736.jpg,640,480,smoke,171,226,242,292
ck0ndugzs6hv90944q18viki9_jpeg.rf.ad8568fed3dc8b7b644c67efecbb9757.jpg,640,480,smoke,303,263,525,319
ck0tx9epawjk50721w6282v2c_jpeg.rf.adc7853dfe39ef993eeba0ed3292186a.jpg,640,480,smoke,309,128,483,261
ck0ujirqowixt07012814w3ox_jpeg.rf.af7d2c5ce6bcfedb6ffd891231b412c8.jpg,640,480,smoke,528,210,618,286
ck0t734s0mizv0863sujq0i7p_jpeg.rf.b37b89bf3712f1791e2f97c5a16aa48c.jpg,640,480,smoke,82,213,261,296
ck0rqlgco58j50838724x6rym_jpeg.rf.b5b8263fb657e6a09f94583c21fc28ea.jpg,640,480,smoke,255,256,523,318
ck0tz7lcnugfi0944xj04x69y_jpeg.rf.ae59697a3961edc473319ea1edf1566f.jpg,640,480,smoke,316,150,540,258
ck0tz4dsmshgh08637pfl2z1c_jpeg.rf.b03bf3d9ee3f53a5e8ee298181290d1c.jpg,640,480,smoke,118,179,178,284
ck0qdf4hwkrzf0721pwn991sv_jpeg.rf.b361b52c1172c6504c67b4f19f9fc544.jpg,640,480,smoke,314,82,498,261
ck0ndoj9r8u8w07216trgrwuz_jpeg.rf.b43b5ab2970d7b610b7ec6ad50ae1e51.jpg,640,480,smoke,472,208,614,287
ck0txs402uehd070195c9mfko_jpeg.rf.b47277846338d037c30f92e0213833d5.jpg,640,480,smoke,209,166,254,238
ck0ukk30lwlt9070113ad7m2j_jpeg.rf.b11eceafee595fed74046181725c1d95.jpg,640,480,smoke,4,186,163,325
ck0tzuao2wuuv0721d9vb3uvm_jpeg.rf.b22278e5e19f63a0a95634c876aeb3b1.jpg,640,480,smoke,3,259,169,331
ck0rp9iochje10a46pq920puz_jpeg.rf.b57dbfcab2e3f4b15b88f1895a440510.jpg,640,480,smoke,3,253,162,324
ck0l8bhz891hy086381o84nhd_jpeg.rf.b34dd7fedd0a245a89843faf85150ff9.jpg,640,480,smoke,194,159,251,229
ck0txmpuosbkk0863coq4p42u_jpeg.rf.a752cde3b9f280f5aead544deb94aed0.jpg,640,480,smoke,173,197,299,235
ck0t5tq5hmo8508389vjkpile_jpeg.rf.b7db6d196e09c4695d4da7fd0854a18a.jpg,640,480,smoke,401,194,473,250
ck0kcy2pmj1v70a464cl53bkw_jpeg.rf.b77a5b90fda05cd6f76d1dfa1383a790.jpg,640,480,smoke,305,166,437,252
ck0kdgpnj8gvt0701oaod540q_jpeg.rf.bc941fefccb53c1c7067d832f2489e28.jpg,640,480,smoke,3,142,154,325
ck0lwirdeh6zk0944n5uj6q6i_jpeg.rf.beb382bc3df8be917ce1555d278bdc2a.jpg,640,480,smoke,218,254,528,317
ck0t6c6eg0n3m08483m1afytd_jpeg.rf.bd34ea97915de5348293b62b301df38f.jpg,640,480,smoke,309,160,435,251
ck0t1ywwdmqkf0944mhiw5huk_jpeg.rf.bb77413dc1cb70d1f2e52b6f003b2bd9.jpg,640,480,smoke,130,228,237,287
ck0tx3rohwiml0721wn578q0e_jpeg.rf.c23153704db212f6fb1d673ef173b0f1.jpg,640,480,smoke,112,184,173,283
ck0t2gf1wypnz0a4651vbm3b5_jpeg.rf.b93c64f987f4faa915f9df79de73fb86.jpg,640,480,smoke,496,190,637,257
ck0t6v4mw07810a46gj9vqfvu_jpeg.rf.bb2af326ad7e053d0f41d82152936273.jpg,640,480,smoke,501,210,615,287
ck0kdeqv8a00m0721x8avt6qe_jpeg.rf.ccb567cc23cf7f9a2ceeb4634041509a.jpg,640,480,smoke,111,231,264,285
ck0km4hlk63zp0863ur0owhkg_jpeg.rf.c21e125782c726a343832cbf44531e8b.jpg,640,480,smoke,206,157,256,238
ck0ug3gjz7wk00a46ikj346zv_jpeg.rf.c965066b7e947133c6e047b4b977aa9e.jpg,640,480,smoke,117,101,287,322
.jpg,640,480,smoke,307,254,412,306
.jpg,640,480,smoke,392,218,466,245
ck0kmrvn590jl0944asem2ofh_jpeg.rf.d2d17e7e7b937478c360cb889bc2dcda.jpg,640,480,smoke,314,82,558,257
ck0u0i88bunv00944unevdbqg_jpeg.rf.d20e47a3a4c4cec68381d5f113f985d8.jpg,640,480,smoke,303,252,523,318
ck0ndwu8pj3180848zonjasmz_jpeg.rf.cf341dfba711fbaa425f7b0e8c5e456a.jpg,640,480,smoke,4,145,150,335
ck0nf4ks0js7z0848cku0h6t5_jpeg.rf.d406f9db90a5286932149187bb9ae070.jpg,640,480,smoke,216,178,249,234
ck0kl4d8y7e9x0838i33y0nta_jpeg.rf.d57cde80b3d701666c78b64f7bae4ddf.jpg,640,480,smoke,221,200,415,318
ck0t75ti6on9t07015p6wbjle_jpeg.rf.d4ca4e1f7adb43de81445ccbe0f71098.jpg,640,480,smoke,272,239,523,318
ck0qba5yvh45x0944qw0oaamw_jpeg.rf.d548f788d81a572f39907164ea6c1bba.jpg,640,480,smoke,80,234,277,289
ck0txwk8k6owz0848gejqchq8_jpeg.rf.d431e6a3cf29ca3c97bda4035c2e26fa.jpg,640,480,smoke,0,47,167,325
ck0ng4fa263vn083809qkbt4y_jpeg.rf.d577c7aecd3d674eac02e89ae4f5ce2f.jpg,640,480,smoke,183,199,309,234
ck0kl3wpd616z079452ea8lq2_jpeg.rf.c9ef393eca807516bb64ed1f77d1c329.jpg,640,480,smoke,126,194,174,284
ck0tt3hm6tsh90701m4t0sq7e_jpeg.rf.bf573bb3cc96443e940c0e1b2a554dd1.jpg,640,480,smoke,274,231,419,307
ck0rqph585aki0838q1hxpf6k_jpeg.rf.cf14cc4db9c987427a392c960f1c779a.jpg,640,480,smoke,347,270,527,319
ck0t58uo4nvw40701ubn1fua7_jpeg.rf.da5481cdd88087908cd2c42ad46b2658.jpg,640,480,smoke,109,231,247,293
ck0tsymgpsbmm0838ci72jvcf_jpeg.rf.d4d1f4ce36dfe12001ec0d35ea58dc2f.jpg,640,480,smoke,97,224,271,288
ck0qd50hwi1k10944i25e7al9_jpeg.rf.dc4e8422676e7baad2e36433c32553dd.jpg,640,480,smoke,0,49,150,333
ck0t765i5mk8j0863od0a5ghy_jpeg.rf.e1c441f3237ce54181cc06b916ccf313.jpg,640,480,smoke,2,70,168,323
ck0kdc75e4wgn0794wltgjwdw_jpeg.rf.d6e58c1f6882247f6f923fd4918c8b97.jpg,640,480,smoke,181,205,214,231
ck0koqfpl6g0x0863mmghhzwg_jpeg.rf.e4096a41d191d035f061c7e7be01d05c.jpg,640,480,smoke,366,271,521,316
ck0u01dbyuoe30701p6pfzb0q_jpeg.rf.dc34aba657747af88bf1eec63f19ea6b.jpg,640,480,smoke,158,166,421,320
ck0twwuxz6k9i0848br68e8wm_jpeg.rf.e030f5f045919b341af6350a986d278b.jpg,640,480,smoke,190,204,208,229
ck0m1m206hgy907944qxlvo5i_jpeg.rf.e496ad2cbe926d62bf0963945c209928.jpg,640,480,smoke,374,265,522,318
ck0keprw9ke1d08483vmle7ed_jpeg.rf.d74bb474ba405e41ce3e4c6528dc297c.jpg,640,480,smoke,2,113,150,333
ck0twb97n5uc20a46en2e2spb_jpeg.rf.e507096fae49dae5649e7f4e895d6f8f.jpg,640,480,smoke,309,143,477,255
ck0nfxm5e5gq50863tqwxrgft_jpeg.rf.d58b0a6b0eb2a0d518d8454db06199a0.jpg,640,480,smoke,311,135,475,261
ck0lxhudct3ac0a46446v80ie_jpeg.rf.e82cf40e85c95c941bb2f1e6b79fd863.jpg,640,480,smoke,498,249,635,292
ck0ng3zz98boz07013zyds00f_jpeg.rf.e40e57c921769f8371a0310f39e796d5.jpg,640,480,smoke,98,205,350,267
ck0t3s74cnfks070126deykt2_jpeg.rf.e83ffc98b2dd129c1a6df088d5191aca.jpg,640,480,smoke,1,215,148,338
ck0qbnvn6hk6w0701x0mcjvq8_jpeg.rf.dae439c3ddfdef76b1c1e360c545aac1.jpg,640,480,smoke,125,178,193,315
ck0t2tlmmzfds0848mvj42ujg_jpeg.rf.e9652791f14278f94e777c81d78f9857.jpg,640,480,smoke,307,134,549,258
ck0m1maf2vnl30a46vnjvga3r_jpeg.rf.eecd77e33b3da8be70b8d3390ace85df.jpg,640,480,smoke,0,196,155,333
ck0kow7lga3y30701f2yvt2b2_jpeg.rf.ecf01b0da90868c719b611d91b39ffaa.jpg,640,480,smoke,317,90,496,258
ck0kkizhblbln0848zygsqz0h_jpeg.rf.ea0e69b1a5fcc169eb7722c2ffb949d6.jpg,640,480,smoke,309,126,490,254
ck0tzphn3t5by0838ge18vkq7_jpeg.rf.f15891396160c6c83e3b052fd5d235f2.jpg,640,480,smoke,205,159,252,239
ck0kkzzufk6zy0a464la26n1c_jpeg.rf.efaf28715b3f2f29a3f0da43da02a280.jpg,640,480,smoke,99,231,271,287
ck0t20os6mrcb0944xrc0wamx_jpeg.rf.ee4ee7ff297cbc0aadd8bc31c4067d1d.jpg,640,480,smoke,0,228,157,324
ck0oulyr8sldl0838tkv3hqk8_jpeg.rf.f3ac94ace79c957d33904e37a086349a.jpg,640,480,smoke,325,267,523,317
ck0l9vmuparhg0838oe20j0bd_jpeg.rf.ef939ad40b43a4c66054c5da14275db8.jpg,640,480,smoke,312,159,503,253
ck0kdvg6tj4hn0a46k06job5k_jpeg.rf.fa065ac54cfb77706875d2b1aef49e0e.jpg,640,480,smoke,96,204,335,267
ck0rp7ech84jq0721s8wfw8tz_jpeg.rf.f49f246eef35370ed9da3d797409fa3c.jpg,640,480,smoke,201,157,257,238
ck0t7hsj2on2s094444drdqs0_jpeg.rf.f52b5068fa822561ff8f0e200dc451a0.jpg,640,480,smoke,127,217,174,285
ck0t3r291z3xb0a46a6hx1rak_jpeg.rf.f9feb1317bbf81fb69035cc286af96fe.jpg,640,480,smoke,177,231,245,291
ck0rr7nhf6w970944cb2nnlih_jpeg.rf.fad95509baaee973c9d5a6db10c3f314.jpg,640,480,smoke,540,215,618,287
ck0na5s461w2n0794ifd5c5cs_jpeg.rf.fa60c06a0da1f8d35af461f44eb7b995.jpg,640,480,smoke,309,140,593,260
ck0k9jss09oxq0721c8pd7eds_jpeg.rf.fa5ce52e0ebc5762bee66acd5bc1aa1d.jpg,640,480,smoke,312,146,587,265
ck0lzyygqj00t0944qnwlwjf2_jpeg.rf.fbbbc2b4e6b9dd5b8242be555a897ed4.jpg,640,480,smoke,309,185,424,250
ck0ujoiltwezp0944u48gk6wn_jpeg.rf.ff498f4094583e78e66034d107ad0285.jpg,640,480,smoke,1,242,150,333
ck0kdpfyk4t8v08633b9u5zhe_jpeg.rf.ff2afd2c799d7ce3dbf8e4588e60fda5.jpg,640,480,smoke,283,240,416,318
